{"cameraMode":{"drawMode":0,"name":"Shaded","section":"Shading Mode"},"sceneLighting":false,"audioPlay":false,"sceneViewState":{"m_AlwaysRefresh":false,"showFog":true,"showSkybox":false,"showFlares":true,"showImageEffects":true,"showParticleSystems":true,"showVisualEffectGraphs":true,"m_FxEnabled":true},"in2DMode":false,"pivot":{"x":1.4800000190734864,"y":0.339752197265625,"z":0.07999995350837708},"rotation":{"x":-0.13284847140312196,"y":0.06151912361383438,"z":-0.008265288546681404,"w":-0.9892004132270813},"size":1.9384175539016724,"orthographic":false}