{"cameraMode":{"drawMode":0,"name":"Shaded","section":"Shading Mode"},"sceneLighting":false,"audioPlay":false,"sceneViewState":{"m_AlwaysRefresh":false,"showFog":true,"showSkybox":false,"showFlares":true,"showImageEffects":true,"showParticleSystems":true,"showVisualEffectGraphs":true,"m_FxEnabled":true},"in2DMode":false,"pivot":{"x":0.7216122150421143,"y":1.1846935749053956,"z":-0.18106552958488465},"rotation":{"x":-0.0030145812779664995,"y":0.6974841952323914,"z":-0.0029236820992082359,"w":-0.7165995240211487},"size":1.9352294206619263,"orthographic":true}