{"cameraMode":{"drawMode":0,"name":"Shaded","section":"Shading Mode"},"sceneLighting":false,"audioPlay":false,"sceneViewState":{"m_AlwaysRefresh":false,"showFog":true,"showSkybox":false,"showFlares":true,"showImageEffects":true,"showParticleSystems":true,"showVisualEffectGraphs":true,"m_FxEnabled":true},"in2DMode":false,"pivot":{"x":0.29023972153663638,"y":-0.009600862860679627,"z":0.3186410665512085},"rotation":{"x":0.12652958929538728,"y":-0.1790056824684143,"z":0.02322099171578884,"w":0.9754029512405396},"size":0.5745825171470642,"orthographic":true}